region,n_species,n_ecosystems,Sell,autoconsumption,O_uses,n_preparations,n_Agr_pract,headsex,elcsa_cat,edu,assistance,nonaginc,hhsize,headage,numchildren,age,num_emp,area,ch,ced,l_fields,m_fields,cd_field,cd_garden,cd_tree,cd_gardentree
1008,Huánuco-Quisqui,1,1,0,1,0,2,1,0,1,4,0,0,4,65,0,19,1,3,0,0,1,1,3,1,4,6
1021,Huánuco-Quisqui,1,1,0,1,0,2,1,0,3,4,0,0,7,52,0,19,1,2,0,0,1,1,2,0,0,0
1031,Huánuco-Quisqui,2,2,0,2,0,3,1,0,2,0,0,1,5,50,0,49,2,0.1471,120,37.200001,1,1,1,7,1,8
1049,Huánuco-Quisqui,2,1,0,2,0,1,1,0,1,2,0,1,5,45,0,42,2,2.0594001,3042,385.95001,2,2,2,9,0,9
1052,Huánuco-Quisqui,6,1,1,5,0,3,1,1,1,1,0,0,2,49,1,49,1,2,750,0,2,1,1,9,0,9
1055,Huánuco-Quisqui,3,2,0,3,0,2,1,0,2,3,1,1,4,41,1,37,2,1,250,31,2,1,1,7,6,13
1058,Huánuco-Quisqui,2,1,0,2,0,1,1,0,1,1,0,1,9,46,0,30,3,5.2941999,10,0,2,2,1,0,0,0
1066,Huánuco-Quisqui,3,1,0,3,0,1,2,0,0,3,1,1,9,64,1,27,1,0,0,0,1,1,0,9,0,9
1067,Huánuco-Quisqui,2,1,0,2,0,1,1,0,1,1,0,0,3,39,0,39,2,2.0594001,1050,0,3,3,3,8,0,8
1068,Huánuco-Quisqui,4,2,0,4,0,3,2,0,0,0,0,0,4,40,0,31,1,1.1768,575,0,2,1,2,0,4,4
1070,Huánuco-Quisqui,1,1,0,1,0,2,1,1,1,4,0,1,7,41,0,41,1,0.055,420,15.5,2,2,3,0,2,2
1071,Huánuco-Quisqui,1,1,0,1,0,1,1,1,0,0,0,1,6,44,2,44,3,0.30000001,0,0,1,1,0,0,6,6
1073,Huánuco-Quisqui,1,1,0,1,0,1,1,0,1,4,0,0,3,53,1,35,1,0.58840001,0,0,2,1,1,0,4,4
1117,Huánuco-Quisqui,4,2,0,4,0,3,4,0,1,4,0,1,10,57,0,19,2,2,4250,697.5,1,1,4,0,4,4
1122,Huánuco-Quisqui,1,1,0,1,0,2,1,0,1,4,0,0,2,22,0,27,1,0.2942,0,0,1,1,0,0,2,2
1124,Huánuco-Quisqui,5,2,0,5,0,3,1,0,1,3,0,0,3,58,0,46,2,2,1250,179.8,1,1,3,6,3,11
1125,Huánuco-Quisqui,7,3,0,7,0,2,1,0,1,0,0,0,4,66,0,46,1,0.3242,975,0,2,2,2,4,5,9
1126,Huánuco-Quisqui,11,4,0,11,0,6,3,0,1,0,1,1,3,40,0,43,1,0.375,1800,465,2,2,3,3,1,4
1127,Huánuco-Quisqui,5,2,0,5,0,2,1,0,1,2,0,0,4,35,0,33,1,1.5,2300,139.50002,2,2,1,0,0,0
1128,Huánuco-Quisqui,4,1,0,4,0,2,1,0,1,2,0,0,5,46,1,40,1,4,8980,387.965,2,1,8,0,0,0
1131,Huánuco-Quisqui,1,1,0,1,0,1,1,1,3,1,0,1,3,49,0,49,2,0.58840001,0,0,1,1,0,11,2,15
1132,Huánuco-Quisqui,2,1,0,2,0,1,1,0,2,3,0,0,4,49,0,36,1,1.7652,1160,297.60001,2,2,5,6,5,11
1136,Huánuco-Quisqui,4,3,0,4,0,2,3,0,1,1,1,1,4,52,0,42,2,2.25,1020,81.375,4,4,3,11,6,17
1141,Huánuco-Quisqui,3,1,0,3,0,1,1,1,2,3,0,1,3,26,0,26,2,0.0049999999,100,0,1,1,1,4,0,4
1142,Huánuco-Quisqui,6,3,0,6,0,2,1,0,1,4,0,1,8,53,2,47,1,0,0,0,1,1,0,11,5,16
1143,Huánuco-Quisqui,7,2,0,7,0,2,1,0,0,4,0,0,6,50,1,36,2,2.1768,0,0,3,1,1,15,6,25
1145,Huánuco-Quisqui,4,1,0,4,0,1,1,0,1,4,1,0,3,52,1,23,1,0.58840001,975,17.4375,2,2,1,0,2,2
1149,Huánuco-Quisqui,2,1,0,2,0,2,1,0,0,1,1,1,2,28,0,40,2,1.471,0,0,2,2,0,8,5,13
1150,Huánuco-Quisqui,2,2,0,2,0,3,1,0,1,1,0,0,5,58,0,43,3,1.5,590,93,2,2,4,0,2,2
1151,Huánuco-Quisqui,2,2,0,2,0,1,1,0,1,4,0,1,5,50,0,21,2,6,1325,100.75,1,1,3,7,0,7
1154,Huánuco-Quisqui,2,2,0,2,0,1,1,0,1,2,0,0,7,35,2,25,1,1.1471,250,0,2,2,1,8,4,12
1156,Huánuco-Quisqui,5,2,0,5,0,1,1,0,1,2,0,0,7,54,0,22,1,0.58840001,810,0,2,2,4,13,0,13
1157,Huánuco-Quisqui,5,3,0,5,0,2,1,0,1,4,1,0,5,30,2,26,3,1.8826001,13250,1705,3,3,2,7,1,9
1160,Huánuco-Quisqui,2,3,0,2,0,1,3,0,1,4,0,0,7,45,1,20,1,0.1471,0,0,1,1,0,10,0,10
1166,Huánuco-Quisqui,3,5,0,3,0,3,1,0,1,1,0,1,5,40,1,34,2,0.0625,70,27.9,1,1,3,3,0,3
1170,Huánuco-Quisqui,6,2,0,6,0,3,1,0,1,0,0,0,4,39,0,37,2,1,2025,186,1,1,3,0,1,1
1171,Huánuco-Quisqui,3,2,1,3,0,1,2,1,1,3,1,0,4,25,1,25,2,3.7355001,2860,204.60001,5,4,3,7,4,11
1172,Huánuco-Quisqui,10,3,0,10,0,3,2,0,2,0,0,1,5,48,0,46,2,0,0,0,1,1,0,7,0,7
1175,Huánuco-Quisqui,7,4,0,7,0,2,1,0,0,1,0,0,3,49,0,48,2,3.0599999,3500,930,2,2,1,6,1,7
1176,Huánuco-Quisqui,1,1,0,1,0,1,1,0,1,3,0,0,3,27,1,26,2,0.58840001,3000,188.325,2,2,1,0,1,1
1178,Huánuco-Quisqui,1,1,0,1,0,2,1,0,2,3,0,0,4,30,0,19,1,0.58840001,345,2.325,2,1,3,4,1,5
1179,Huánuco-Quisqui,5,1,0,5,0,1,2,0,0,3,0,0,5,40,0,40,1,1.4413,2760,706.79999,2,2,4,0,1,1
1183,Huánuco-Quisqui,5,1,0,5,0,1,1,1,1,1,1,0,4,33,0,33,1,0.2942,1500,248,1,1,1,3,0,3
1185,Huánuco-Quisqui,5,2,0,5,0,2,1,0,1,1,0,0,4,53,0,45,1,1.7652,255,0,2,2,4,14,2,16
1201,Huánuco-Quisqui,5,2,0,5,0,2,1,0,2,1,0,0,7,44,1,41,1,0.88260001,1225,496,1,1,4,14,1,15
1203,Huánuco-Quisqui,4,1,0,4,0,2,1,0,2,0,0,0,5,53,0,44,1,2.3536,200,0,3,2,1,6,0,8
1206,Huánuco-Quisqui,3,4,0,3,0,2,1,0,1,2,0,1,5,66,0,47,1,0.5,235,0,1,1,3,0,1,1
1207,Huánuco-Quisqui,4,2,0,4,0,1,1,0,2,2,0,0,4,25,2,22,1,0.88260001,2435,465,3,3,4,6,0,6
1209,Huánuco-Quisqui,9,3,0,9,0,3,2,0,1,1,0,1,5,40,0,37,3,0.4413,480,12.4,2,2,2,10,1,17
1210,Huánuco-Quisqui,7,2,0,7,0,2,1,0,1,1,0,0,8,54,2,48,1,1.07355,2260,174.375,2,2,4,6,3,10
1211,Huánuco-Quisqui,5,2,0,5,0,3,1,0,0,1,0,0,4,27,0,24,2,2.2941999,3970,465,2,2,3,6,0,6
1214,Huánuco-Quisqui,4,3,0,4,0,2,1,0,1,1,1,0,5,47,0,45,4,0.5442,2470,93,3,3,3,10,0,10
1218,Huánuco-Quisqui,3,3,0,3,0,4,1,1,1,1,0,0,5,37,2,37,1,0.2942,200,31,1,1,1,4,0,4
1219,Huánuco-Quisqui,4,5,0,4,0,1,1,0,2,3,0,0,9,52,0,28,1,0.75,2250,104.625,2,1,1,0,2,2
1221,Huánuco-Quisqui,1,3,0,1,0,1,1,0,0,4,0,1,3,29,1,23,2,0.125,4500,581.25,1,1,1,0,0,0
1223,Huánuco-Quisqui,3,5,0,3,0,5,1,0,1,3,0,0,5,58,1,19,1,2.2941999,9175,678.90002,3,3,3,5,1,6
1224,Huánuco-Quisqui,2,2,0,2,0,3,1,0,1,1,1,0,5,40,1,38,1,0.58840001,3400,279.00003,2,1,1,7,2,9
1227,Huánuco-Quisqui,3,1,0,3,0,3,1,1,2,4,0,0,9,33,1,25,3,6.5,45000,11160,2,2,1,0,0,0
1229,Huánuco-Quisqui,5,2,0,5,0,3,1,0,2,1,0,0,4,60,0,44,1,2.1471,9000,2325,3,3,1,0,0,0
1235,Huánuco-Quisqui,4,3,0,4,0,3,1,0,1,1,0,0,4,48,0,44,1,1,242,0,1,1,2,0,0,0
1238,Huánuco-Quisqui,2,2,0,2,0,2,1,0,1,1,0,0,4,40,0,43,1,0.2942,560,89.900002,2,2,2,5,0,5
1240,Huánuco-Quisqui,2,1,0,2,0,2,1,0,1,2,0,0,7,37,2,35,1,10,1515,0,1,1,5,0,0,0
1241,Huánuco-Quisqui,3,1,0,3,0,1,1,1,1,3,0,0,3,35,0,35,2,31.471001,3450,434,4,3,3,4,1,5
1242,Huánuco-Quisqui,9,2,0,9,0,5,1,0,0,1,0,1,5,56,0,49,2,4.2941999,21487.5,7630.6499,4,4,1,0,4,4
1243,Huánuco-Quisqui,5,2,0,5,0,2,1,0,1,1,0,0,4,54,0,47,1,5,16956,3371.2502,3,3,6,7,3,10
1245,Huánuco-Quisqui,3,1,0,3,0,2,1,0,1,2,1,0,5,43,1,41,2,1.5,3025,0.62,2,1,4,0,0,0
1247,Huánuco-Quisqui,3,2,0,3,0,2,1,0,2,3,0,1,5,35,1,30,2,0.88260001,1050,93,2,2,1,0,2,2
1248,Huánuco-Quisqui,9,2,0,9,0,3,1,0,1,1,0,1,10,43,2,42,2,3.5883999,3085,410.75,3,2,5,3,1,4
1250,Huánuco-Quisqui,2,2,0,2,0,1,1,1,1,1,0,0,4,59,2,24,1,9.2941999,999,0,4,2,2,16,2,18
1256,Huánuco-Quisqui,4,4,0,4,0,3,1,0,1,1,0,0,5,43,1,43,1,2.5,16550,2356,2,2,4,6,1,7
1258,Huánuco-Quisqui,11,2,0,11,0,1,3,1,2,2,0,0,5,39,1,39,1,0.58840001,2250,1209,1,1,1,0,0,0
1259,Huánuco-Quisqui,6,2,1,6,0,2,2,0,2,0,0,0,9,49,2,47,1,10,3983,383.935,3,1,10,6,0,6
1260,Huánuco-Quisqui,2,1,0,2,0,4,1,0,1,0,1,0,5,71,0,39,1,5,0,0,1,1,0,3,0,3
1261,Huánuco-Quisqui,8,3,0,8,0,3,1,0,1,3,0,0,6,48,0,48,2,0.58840001,825,609.15002,1,1,3,2,0,2
1262,Huánuco-Quisqui,8,3,0,8,0,3,1,0,0,1,0,0,6,47,0,43,1,7,5215.5,1727.9399,2,2,5,6,0,6
1263,Huánuco-Quisqui,5,2,0,5,0,3,1,0,1,1,0,0,6,41,2,44,1,2,5800,1178,1,1,3,6,0,8
1265,Huánuco-Quisqui,4,2,0,4,1,1,1,0,1,3,0,0,5,43,0,37,1,5,750,0,2,2,1,0,2,2
1266,Huánuco-Quisqui,1,3,0,1,0,1,1,0,1,2,0,0,3,50,0,49,1,1.471,2300,46.5,5,5,3,3,0,3
1268,Huánuco-Quisqui,4,2,0,4,0,1,1,0,1,1,1,1,4,27,1,24,3,1,3750,581.25,2,1,1,7,0,7
1273,Huánuco-Quisqui,7,2,0,7,0,2,1,0,1,0,0,0,4,30,1,37,1,0.58840001,7500,1488,1,1,1,11,1,12
1274,Huánuco-Quisqui,7,2,0,7,0,2,1,0,1,3,0,0,4,32,2,22,1,1,3200,759.5,1,1,2,9,0,9
1275,Huánuco-Quisqui,7,2,0,7,0,4,1,0,2,1,0,0,2,39,0,49,2,5,7585,453.065,2,2,7,5,0,5
1283,Amarilis,1,1,0,1,0,2,1,0,1,4,0,1,5,47,2,47,2,0.2942,0,0,1,1,1,3,1,4
1285,Amarilis,1,2,0,1,0,2,3,0,1,4,0,1,8,45,1,42,2,4,2500,0,1,1,3,10,9,23
1295,Amarilis,3,5,0,3,0,3,1,0,2,2,0,1,8,47,1,41,2,4,2450,465,2,2,2,3,2,5
1296,Amarilis,1,1,0,1,0,1,1,0,1,3,0,1,4,32,1,29,2,2,11550,2697,2,2,2,0,2,2
1297,Amarilis,4,1,0,4,0,1,1,0,1,2,0,0,3,47,0,38,2,1,1550,341,1,1,3,12,0,12
1298,Amarilis,5,1,0,5,0,3,1,0,1,1,0,0,5,31,1,39,1,5.5,1205,32.549999,2,2,3,0,2,2
1302,Amarilis,1,1,0,1,0,1,1,0,1,2,0,0,4,40,1,40,1,2,1500,186,1,1,1,0,0,0
1303,Amarilis,1,1,0,1,0,1,1,0,3,1,0,1,7,42,1,41,3,6,9850,488.25,2,2,4,5,2,7
1305,Amarilis,1,3,0,1,0,1,1,0,1,0,0,0,4,55,0,42,1,2.2941999,250,0,2,2,1,0,0,0
1306,Amarilis,1,2,0,1,0,1,5,0,1,1,0,1,5,44,2,36,2,2.3536,830,148.8,2,2,3,0,0,0
1307,Amarilis,4,2,0,4,0,3,1,0,1,2,0,0,5,42,0,42,1,1.7652,688,100.43999,1,1,2,9,3,14
1313,Amarilis,1,1,0,1,0,2,1,0,1,3,0,1,6,40,0,40,2,4,2200,62,2,2,3,5,5,10
1326,Amarilis,7,1,0,7,0,3,1,1,1,2,0,1,5,37,1,37,1,0.029999999,0,0,1,1,0,1,4,6
1332,Amarilis,1,1,0,1,0,1,1,0,0,4,0,1,7,52,1,30,3,0.5,230,23.25,2,2,2,0,8,8
1333,Amarilis,2,2,0,2,0,1,1,0,1,4,1,1,5,31,1,32,3,0.58840001,400,80.599998,1,1,2,0,0,0
1334,Amarilis,2,2,0,2,0,2,1,0,2,0,0,0,6,48,1,47,2,0.2942,310,0,1,1,2,4,0,4
1335,Amarilis,3,2,0,3,0,3,1,0,1,0,0,1,6,62,1,44,2,0.1471,0,0,1,1,0,9,0,11
1339,Amarilis,1,1,0,1,0,1,1,0,2,1,0,0,8,63,2,38,1,0.2942,225,27.9,1,1,1,0,5,5
1345,Amarilis,1,1,0,1,0,1,1,0,1,4,0,1,7,68,3,24,2,0.0099999998,2.0999999,0,1,1,1,9,3,14
1366,Amarilis,2,1,0,2,0,1,1,0,2,1,0,0,6,36,1,32,1,0.58840001,1800,310,2,2,1,0,0,0
1367,Amarilis,1,1,0,1,0,2,1,0,1,3,0,1,10,45,3,19,2,0.5,46,0,1,1,1,6,10,16
1368,Amarilis,2,1,0,2,0,4,1,1,1,0,0,1,6,39,1,39,2,4,0,0,1,1,0,3,5,8
1369,Amarilis,1,1,0,1,0,1,1,0,0,2,0,0,3,30,0,25,2,1,770,0,1,1,3,7,3,10
1370,Amarilis,2,2,0,2,0,3,1,0,1,4,0,0,3,25,1,19,1,0.88260001,1800,279.31,1,1,2,0,2,2
1374,Amarilis,1,1,0,1,0,1,1,0,1,0,0,1,3,45,0,42,2,0.58840001,1525,0,2,2,5,3,4,7
1378,Amarilis,3,2,0,3,0,3,8,0,2,1,0,0,5,39,1,28,1,1.5,0,0,1,1,0,3,1,4
1380,Amarilis,3,1,0,3,0,3,2,0,1,2,1,1,4,56,0,26,3,0.3125,350,279,2,1,2,6,0,6
1393,Amarilis,3,1,0,3,0,3,1,0,3,1,0,0,6,45,2,26,1,1,241,0,1,1,2,0,1,1
1394,Amarilis,2,2,0,2,0,3,3,0,1,1,0,1,5,52,1,41,2,1.5884,564.20001,0,2,1,3,0,0,0
1401,Amarilis,1,1,0,1,0,1,1,0,1,4,0,1,4,62,0,20,2,1.0076001,3134.25,716.09998,3,3,6,8,1,10
1405,Amarilis,3,3,0,3,0,3,1,0,1,1,0,1,4,38,0,38,2,2.5,7133,581.25,2,2,3,5,0,5
1408,Amarilis,2,3,0,2,0,1,2,0,1,2,0,1,3,50,0,35,2,0.2942,4000,173.60001,2,2,5,4,2,8
1413,Amarilis,2,3,0,2,0,1,1,1,3,3,0,0,5,54,0,18,1,0.4413,200,0,3,3,1,3,3,6
1416,Amarilis,3,3,0,3,0,3,1,0,1,0,0,0,4,41,1,36,1,0.875,7630,1350.05,3,3,8,5,0,5
1419,Amarilis,1,1,0,1,0,1,1,0,1,0,0,1,5,35,1,36,2,1.471,740,0,2,1,3,1,0,1
1420,Amarilis,2,2,0,2,0,2,1,0,2,4,0,1,6,76,2,22,2,0.2942,450,65.099998,1,1,2,5,4,9
1422,Amarilis,1,2,0,1,0,1,1,0,3,2,0,0,3,31,0,40,2,0.2942,600,0,1,1,1,0,4,4
1428,Amarilis,6,3,1,6,0,4,1,0,1,1,0,1,6,48,2,49,2,2.2652001,837,301.28082,5,5,4,5,3,8
1429,Amarilis,1,1,1,1,0,4,1,0,0,4,0,1,3,26,0,22,3,0.58840001,475,104.625,1,1,3,0,0,0
1430,Amarilis,4,2,0,4,0,2,1,1,2,1,1,1,5,42,0,42,2,7.5883999,5115,325.5,4,4,6,9,1,12
1432,Amarilis,2,2,0,2,0,2,1,0,1,3,0,1,5,52,0,28,3,0.625,900,0,3,3,2,0,0,0
1435,Amarilis,1,1,0,1,0,1,1,0,0,4,0,0,5,36,1,29,1,1.925,10850,2071.575,4,4,3,4,0,4
1439,Amarilis,3,1,0,3,0,2,1,0,1,0,0,0,7,60,0,35,2,0.58840001,1100,69.75,1,1,4,4,0,4
1440,Amarilis,6,2,0,6,0,3,1,0,1,4,0,1,6,39,1,39,4,1,1850,0,1,1,4,5,0,5
1444,Amarilis,1,1,0,1,0,1,1,0,1,4,0,1,6,56,0,26,3,0.2942,660,124,1,1,3,6,0,6
1445,Amarilis,6,3,0,6,0,3,1,1,2,1,0,1,4,41,0,41,3,2,5650,1168.7,1,1,3,7,0,7
1449,Amarilis,2,2,0,2,0,1,2,0,2,3,0,1,4,33,1,28,2,0.2942,500,0,1,1,2,2,0,2
1451,Amarilis,1,1,0,1,0,1,1,0,1,1,0,0,7,35,1,38,2,0.2942,0,0,1,1,1,2,4,6
1454,Amarilis,2,2,0,2,0,1,1,0,0,4,0,1,5,29,1,36,2,1,1750,899,4,3,2,8,3,13
1456,Amarilis,2,1,0,2,0,3,1,1,2,1,0,1,3,30,0,30,3,1,1900,77.5,1,1,4,0,2,2
1470,Amarilis,1,1,0,1,0,1,1,1,1,4,1,0,6,55,1,22,4,0.58840001,5400,434,1,1,3,3,0,3
1471,Amarilis,4,3,0,4,0,2,1,0,1,4,0,0,5,50,1,23,2,0.73549998,8800,868,2,2,3,0,0,0
1482,Amarilis,2,2,0,2,0,1,1,0,1,1,0,0,6,48,2,41,2,1.2941999,250,0,2,2,2,7,3,11
1486,Amarilis,2,1,0,2,0,1,1,0,2,2,0,1,5,47,0,41,2,1.3239,5350,1302,3,3,4,6,10,16
1490,Amarilis,1,1,0,1,0,1,1,0,1,2,0,0,3,42,0,39,1,0.88260001,6660,589,1,1,3,0,1,1
1497,Amarilis,1,1,0,1,0,1,1,0,1,2,1,1,6,46,0,44,2,0.25,0,0,1,1,0,7,0,7
1498,Amarilis,2,1,0,2,0,1,1,0,1,1,0,1,7,41,0,39,2,14.8,24164,6572,2,2,6,5,2,7
1500,Amarilis,1,1,0,1,0,1,1,1,1,2,0,0,1,45,0,45,1,0.2942,50,0,1,1,1,0,1,1
1510,Amarilis,1,1,0,1,0,2,1,0,1,4,0,0,7,57,1,22,1,6,2500,0,1,1,3,3,1,4
1523,Amarilis,1,1,0,1,0,1,1,0,1,3,0,0,4,50,0,43,1,1.2941999,3081.8,325.5,2,1,4,0,2,2
1528,Amarilis,2,1,0,2,0,1,1,0,0,4,0,0,7,60,1,23,1,4,0,0,2,2,0,0,0,0
1531,Amarilis,2,1,0,2,0,2,1,0,2,1,0,0,3,40,0,38,2,1.1768,5400,34.875,2,2,3,0,0,0
1533,Amarilis,2,2,0,2,0,2,1,0,3,3,0,0,5,31,0,28,2,0.5,625,49.599998,1,1,2,0,1,1
1534,Amarilis,2,1,0,2,0,1,2,0,2,1,0,1,3,30,0,27,2,0.1471,112.5,0,1,1,1,0,0,0
1539,Amarilis,1,1,0,1,0,1,1,0,0,0,1,1,7,66,2,39,3,2.2941999,3400,682,2,2,3,13,1,18
1541,Amarilis,1,2,0,1,0,1,1,0,1,0,0,1,3,45,0,40,2,3.0891001,800,173.60001,6,6,2,1,1,2
1543,Amarilis,1,1,0,1,0,2,1,0,2,1,0,0,7,38,1,34,1,0.58840001,2360,697.5,1,1,3,0,0,0
1544,Amarilis,2,1,0,2,0,1,1,0,1,1,0,1,5,42,2,37,2,0.1471,350,0,1,1,1,0,0,0
1546,Amarilis,1,1,0,1,0,2,1,0,1,1,0,1,5,52,1,29,2,1.1768,1650,196.85001,3,2,3,0,1,1
1549,Amarilis,1,1,0,1,0,1,1,0,0,0,0,0,2,42,0,42,2,2.0594001,2900,1007.5,4,4,2,4,1,5
1551,Amarilis,1,1,0,1,0,1,1,1,1,0,0,1,5,43,1,43,2,0.96340001,2975,301.63,3,3,4,4,1,5
1552,Amarilis,5,3,0,5,0,1,2,0,2,4,0,0,3,27,0,23,1,4,10500,2673.75,1,1,1,3,0,3
1554,Amarilis,8,5,0,8,0,1,1,1,1,1,1,0,1,40,0,40,1,0.125,300,0,1,1,3,0,1,1
1555,Amarilis,1,1,0,1,0,1,1,0,2,1,0,0,14,59,1,29,1,0.875,2700,0,2,2,3,3,1,4
1556,Amarilis,5,7,1,5,0,3,1,0,2,1,1,0,7,38,2,34,1,0.58840001,850,0,1,1,2,0,0,0
1558,Amarilis,2,2,0,2,0,4,1,0,1,0,0,0,6,45,2,37,1,0.73549998,814,0,2,1,3,0,0,0
1559,Amarilis,1,1,0,1,0,1,1,0,2,1,0,0,5,46,0,44,2,0.58840001,1400,297.60001,2,2,1,0,1,1
1560,Amarilis,7,3,0,6,0,1,1,1,1,2,0,1,9,61,1,27,1,0.5,1004,0,1,1,4,4,1,5
1562,Amarilis,4,2,0,4,0,1,1,0,2,3,0,0,4,25,2,21,1,1,1700,116.25,2,2,4,0,0,0
1563,Amarilis,4,4,0,4,0,2,1,0,1,0,0,1,6,34,1,34,2,0.125,550,0,1,1,3,0,0,0
1564,Amarilis,7,2,1,6,0,3,1,0,0,1,0,0,7,30,2,30,1,0.58840001,8350,383.625,2,2,2,2,0,2
1565,Amarilis,4,3,0,4,0,2,4,0,1,2,0,1,5,47,1,38,3,1,2320,1271,1,1,4,0,0,0
1566,Amarilis,1,1,0,1,0,1,1,0,3,0,0,0,5,45,0,45,1,26,28500,2602.45,1,1,3,1,0,1
1567,Amarilis,1,1,0,1,0,1,1,0,3,1,0,0,4,68,0,32,2,0.2942,1500,49.599998,1,1,1,2,0,2
1570,Amarilis,3,1,0,3,0,2,1,0,1,1,1,1,6,39,2,35,2,1.471,1850,465,3,2,3,4,0,4
1571,Amarilis,3,3,0,3,0,3,1,0,2,0,0,0,6,51,1,41,2,0.88260001,3750,1046.25,1,1,1,0,0,0
1576,Amarilis,2,1,0,2,0,1,1,0,1,1,0,1,2,48,0,39,2,7.4710002,6375,785.84998,4,4,1,7,0,7
1577,Amarilis,4,1,0,4,0,3,1,0,1,1,1,1,9,56,1,30,3,1.7652,3900,767.25,2,2,2,3,0,3
1595,Molino-Umari,10,4,0,10,0,3,4,0,1,1,0,0,7,42,1,37,1,20,13875,4882.5,2,2,1,0,0,0
1600,Molino-Umari,3,1,0,3,0,1,3,0,1,1,1,0,4,37,0,35,1,1.5884,16500,1457,2,2,2,9,4,13
1601,Molino-Umari,6,2,0,6,0,1,1,0,2,4,0,1,7,53,1,26,2,0.375,3375,372,1,1,1,12,0,12
1603,Molino-Umari,7,2,2,5,0,1,1,1,1,1,0,1,5,26,1,26,2,6,31125,7130,2,2,6,2,1,3
1606,Molino-Umari,1,2,0,1,0,1,1,0,2,0,0,0,3,72,0,38,1,0.2942,1000,1240,1,1,1,0,1,1
1612,Molino-Umari,7,1,0,7,0,3,1,1,1,4,0,1,7,57,2,25,3,1,670,0,1,1,3,11,1,14
1614,Molino-Umari,5,2,0,5,0,3,1,0,1,1,0,0,5,36,1,32,1,1.0297,17250,930,2,2,1,7,3,10
1615,Molino-Umari,1,1,0,1,0,1,1,1,1,2,0,1,4,20,1,20,2,0.58840001,1480,0,2,2,4,0,0,0
1619,Molino-Umari,2,1,0,2,0,1,1,0,1,1,0,0,6,33,1,33,2,1,3420,174.375,1,1,5,9,0,11
1620,Molino-Umari,2,3,0,2,0,1,1,0,1,1,0,1,3,23,1,21,2,1.955,19850,2325,2,2,4,10,5,15
1621,Molino-Umari,2,2,0,2,0,1,1,0,1,0,0,0,5,40,2,39,1,0.71340001,950,74.400002,2,2,3,7,5,12
1622,Molino-Umari,3,2,0,3,0,1,4,0,1,1,1,0,7,54,0,48,2,1.0076001,2627,0,2,2,4,7,4,11
1626,Molino-Umari,1,3,0,1,0,1,1,0,1,1,0,0,6,40,1,37,1,1.5884,1700,589,2,2,4,7,4,11
1627,Molino-Umari,1,2,0,1,0,1,1,1,1,1,0,0,2,39,1,39,1,0.2942,330,0,2,2,3,6,4,10
1629,Molino-Umari,3,3,0,3,0,3,1,0,1,1,0,0,5,26,1,29,1,3.5,2360,0,3,3,4,4,3,7
1630,Molino-Umari,2,3,0,2,0,1,2,0,1,1,0,0,6,32,0,31,1,1.25,1775,134.85001,2,1,4,11,7,19
1633,Molino-Umari,3,2,0,3,0,2,1,0,0,1,0,0,5,40,1,34,1,0.73549998,3193,116.25,2,2,3,6,1,7
1635,Molino-Umari,6,2,0,6,0,3,1,0,0,1,0,0,5,43,0,29,1,0.58840001,1520,0,1,1,3,6,4,10
1636,Molino-Umari,2,2,0,2,0,2,1,0,2,1,0,1,6,49,1,39,1,0.88260001,300,124,2,2,1,0,2,2
1647,Molino-Umari,2,2,0,2,0,2,1,1,2,3,1,1,3,23,0,23,1,0.25,0,0,1,1,0,8,5,13
1648,Molino-Umari,2,2,0,2,0,1,1,0,1,1,0,0,4,31,1,30,1,1.9123,46500,6184.5,4,4,2,7,1,8
1650,Molino-Umari,2,2,0,2,0,2,6,0,1,0,0,0,4,27,1,22,1,0.88260001,6180,744,2,2,2,3,0,3
1651,Molino-Umari,6,2,0,6,0,3,1,0,1,2,0,0,6,35,1,30,1,10,5594.7998,658.75,1,1,3,0,0,0
1652,Molino-Umari,8,2,0,8,0,3,1,1,1,0,0,0,6,34,2,34,1,0.2942,218.39999,56.543999,1,1,2,0,1,1
1657,Molino-Umari,2,1,0,2,0,2,1,0,1,1,0,0,5,41,1,42,1,1.1768,5250,348.75,1,1,1,3,5,8
1660,Molino-Umari,4,2,0,4,0,2,1,1,3,1,0,1,5,61,0,39,3,1,26,0,1,1,3,3,4,7
1661,Molino-Umari,2,3,0,2,0,1,5,0,1,3,0,0,2,26,0,25,1,1.2941999,1281.5601,0,2,2,4,0,0,0
1667,Molino-Umari,6,2,0,6,0,3,1,1,1,1,0,0,5,28,1,28,2,1.1768,15000,1674,1,1,1,7,2,9
1684,Molino-Umari,1,1,0,1,0,1,1,1,3,1,0,0,4,33,1,33,1,0.2942,0,0,1,1,0,3,0,3
1687,Molino-Umari,2,2,0,2,0,1,1,0,1,0,0,0,6,46,0,40,2,1.125,362,0,2,2,3,0,6,6
1688,Molino-Umari,2,2,0,2,0,1,1,1,1,0,0,1,3,40,0,40,3,0.125,344,0,1,1,4,0,5,5
1690,Molino-Umari,1,1,0,1,0,1,1,1,2,1,0,1,6,62,1,34,1,0.25,160,0,1,1,2,6,7,13
1694,Molino-Umari,3,2,0,3,0,1,1,0,2,1,0,0,4,32,1,28,1,0.2942,3155,0,1,1,3,7,3,10
1695,Molino-Umari,2,2,1,1,0,1,1,0,2,0,0,1,3,73,0,46,1,0.125,0,0,1,1,0,7,2,9
1696,Molino-Umari,9,2,0,9,0,3,1,0,3,2,0,1,4,25,2,20,2,2.3536,10830,2812.3201,3,2,3,0,2,2
1697,Molino-Umari,4,5,0,4,0,3,1,0,1,3,0,0,3,26,0,26,1,0.58840001,2142,279,3,3,5,9,6,15
1700,Molino-Umari,4,3,0,4,0,3,1,1,1,1,1,1,6,78,1,44,2,1.1768,1303,0,2,2,6,11,5,18
1701,Molino-Umari,6,2,0,6,0,3,6,0,1,1,0,0,5,50,0,48,1,1.471,7731,372,2,2,5,9,5,14
1702,Molino-Umari,7,2,0,7,0,2,6,0,1,0,0,0,4,29,1,30,1,1.0297,13500,2232,3,2,1,6,6,12
1703,Molino-Umari,1,2,0,1,0,1,1,0,1,1,0,0,5,26,2,24,1,0.73549998,325,0,3,3,2,7,9,16
1705,Molino-Umari,2,1,0,2,0,1,1,0,0,1,0,0,9,60,2,20,3,1.1768,7425,1046.25,2,2,1,4,0,4
1706,Molino-Umari,3,3,0,3,0,3,1,1,2,1,0,0,4,34,1,34,1,0.2942,1500,69.750008,2,2,1,7,5,12
1707,Molino-Umari,2,1,1,1,0,1,4,1,1,1,0,0,3,26,0,26,2,0.88260001,4875,581.25,2,2,1,0,1,1
1710,Molino-Umari,3,2,0,3,0,1,1,0,1,1,0,0,4,56,0,45,2,0.2942,3000,0,1,1,3,0,4,4
1711,Molino-Umari,3,3,0,3,0,1,1,0,1,1,0,1,4,31,0,26,2,0.75,6375,651,2,2,2,3,2,5
1712,Molino-Umari,4,2,0,4,0,4,7,1,3,1,1,0,4,41,1,41,1,0.58840001,1028.3999,0,1,1,4,5,2,7
1716,Molino-Umari,3,1,0,3,0,3,1,0,2,0,0,1,7,45,3,41,2,1.1768,704,0,2,2,3,4,0,4
1718,Molino-Umari,6,3,0,6,0,3,3,0,1,3,1,1,6,61,1,24,2,0.875,200,0,3,3,1,9,2,13
1719,Molino-Umari,5,1,0,5,0,1,7,1,1,0,0,0,7,42,0,42,1,5.5883999,9175,662.625,2,1,2,0,0,0
1721,Molino-Umari,2,3,0,2,0,1,1,0,2,1,0,0,6,47,1,27,1,0.1471,4500,348.75,1,1,1,0,3,3
1722,Molino-Umari,2,1,0,2,0,1,1,0,1,1,1,0,5,54,0,24,1,1.2941999,2410,232.5,2,2,3,12,3,16
1723,Molino-Umari,3,2,0,3,0,3,1,0,2,1,0,0,4,30,1,28,1,0.4413,422,0,2,2,3,0,3,3
1724,Molino-Umari,2,1,0,2,0,1,1,0,1,1,0,0,5,30,1,26,1,0.125,482,0,1,1,3,0,1,1
1727,Molino-Umari,1,1,0,1,0,1,1,0,1,1,0,0,6,56,0,45,2,0.88260001,2685,34.875004,2,2,5,15,5,20
1728,Molino-Umari,4,2,0,4,0,3,1,1,2,0,0,0,4,40,0,40,1,1.471,13450,558.00006,2,2,5,4,4,10
1733,Molino-Umari,6,2,0,6,0,2,1,0,1,2,0,0,2,28,0,31,1,2.9419999,24750,2418,3,3,1,4,4,8
1734,Molino-Umari,3,2,0,3,0,1,1,0,0,1,0,1,6,56,1,42,2,1.3239,12645,697.5,2,2,4,1,4,5
1736,Molino-Umari,1,1,0,1,0,1,1,1,1,1,1,0,2,40,0,40,1,0,0,0,1,1,0,10,3,13
1738,Molino-Umari,3,1,0,3,0,1,1,0,0,3,0,0,4,29,1,28,2,0.2942,1350,0,1,1,3,0,0,0
1740,Molino-Umari,4,3,0,4,0,4,1,0,1,1,0,0,3,26,1,23,1,2.0297,22723.6,2202.9375,4,4,6,8,3,11
1743,Molino-Umari,1,1,0,1,0,2,1,0,1,1,0,0,6,23,2,21,1,0.58840001,3925,403,3,3,4,4,2,6
1746,Molino-Umari,2,2,0,2,0,3,1,0,2,1,0,1,6,47,0,47,2,0.88260001,5595,427.79999,3,3,4,7,3,10
1747,Molino-Umari,7,2,0,7,0,3,1,0,1,1,0,0,8,53,1,46,1,4,19650,2022.75,2,2,3,5,5,14
1749,Molino-Umari,3,2,0,3,0,1,1,0,1,4,0,0,3,24,1,24,1,1.7652,8550,4770.8999,1,1,1,0,1,1
1750,Molino-Umari,1,2,0,1,0,1,2,0,2,2,0,0,8,28,1,26,2,0.58840001,525,0,1,1,2,5,2,7
1752,Molino-Umari,4,5,0,4,0,3,3,0,1,1,0,0,5,34,1,35,1,0.73549998,3765,209.25,3,3,4,5,1,6
1756,Molino-Umari,2,2,0,2,0,1,1,0,1,2,0,1,3,34,1,27,2,1.1768,24300,2487.75,3,3,2,3,0,3
1757,Molino-Umari,5,1,0,5,0,4,5,0,1,0,0,0,5,54,0,47,1,1.1768,1120,0,2,2,4,9,3,12
1759,Molino-Umari,7,3,0,7,0,3,6,0,1,0,0,0,5,38,0,45,1,0.88260001,2036.9,209.25,2,2,5,8,1,9
1760,Molino-Umari,6,3,0,6,0,2,8,1,1,2,0,0,4,38,1,38,1,0.2942,263.10001,0,1,1,3,6,1,7
1761,Molino-Umari,1,1,0,1,0,1,1,1,1,1,0,0,5,38,0,38,3,1.1768,3365,232.5,2,2,4,5,9,14
1762,Molino-Umari,2,2,0,2,0,1,1,0,1,2,0,0,5,36,1,30,1,0.2942,750,0,1,1,2,4,0,4
1763,Molino-Umari,2,1,0,2,0,3,1,0,1,1,0,0,4,32,1,29,1,0.2942,500,155,1,1,1,2,0,2
1765,Molino-Umari,2,1,0,2,0,1,1,0,1,1,1,1,4,31,1,28,3,0.5442,6875,770.34998,3,3,3,0,0,0
1768,Molino-Umari,4,2,0,4,0,1,3,0,1,1,0,1,4,36,0,24,2,2.5,3000,1208.9999,2,2,2,3,0,3
1771,Molino-Umari,4,2,1,4,0,2,1,0,1,1,0,1,3,52,0,46,2,1,3000,1208.9999,1,1,1,2,1,5
1774,Molino-Umari,1,1,0,1,0,1,1,1,1,2,1,1,4,67,1,42,3,0.58840001,0,0,1,1,0,8,1,9
1776,Molino-Umari,2,1,0,2,0,1,1,0,0,1,0,1,2,37,0,37,2,0.58840001,660,0,1,1,2,0,0,0
1778,Molino-Umari,2,3,0,2,0,1,1,0,2,0,0,0,6,50,0,43,1,1.1768,2250,0,1,1,1,9,5,14
1779,Molino-Umari,2,2,0,2,0,2,1,1,2,1,0,0,3,30,1,30,1,0.2942,900,0,1,1,3,0,0,0
1780,Molino-Umari,2,2,0,2,0,1,1,0,0,1,0,0,6,37,1,39,1,2,2600,418.5,2,2,2,9,4,13
1781,Molino-Umari,3,2,0,3,0,3,1,0,1,1,0,1,5,40,1,36,2,0.58840001,0,0,1,1,0,3,2,5
1783,Molino-Umari,4,1,0,4,0,1,1,0,1,1,0,0,5,30,1,28,2,0.2942,6075,279,1,1,1,0,0,0
1786,Molino-Umari,9,2,0,9,0,2,2,0,2,1,0,0,6,52,1,44,2,1.471,5584,279,2,2,7,5,2,7
1787,Molino-Umari,8,2,0,8,0,3,1,0,0,1,0,0,5,36,0,35,1,0.88260001,5625,930,1,1,1,10,5,16
1788,Molino-Umari,7,2,0,7,0,3,1,1,3,0,0,0,7,44,1,44,1,1.1768,545.59998,0,3,2,2,8,1,9
1794,Molino-Umari,1,2,0,1,0,1,1,0,1,1,0,0,10,64,0,36,2,1.3239,1300,0,3,2,1,0,4,4
1795,Molino-Umari,3,1,0,3,0,1,4,0,2,0,0,0,4,28,0,27,1,1.75,2950,223.2,3,2,2,0,3,3
1799,Molino-Umari,8,2,0,8,0,3,6,0,2,0,0,0,5,42,0,41,1,1.5,2925,186,1,1,3,7,6,15
1800,Molino-Umari,5,3,0,5,0,2,1,0,1,1,0,0,5,35,1,35,2,1.1768,7900,2170,3,3,1,0,6,6
1803,Molino-Umari,5,7,0,5,0,3,1,1,1,1,0,0,4,48,1,48,1,0.58840001,73,0,2,2,3,4,5,11
1805,Molino-Umari,5,2,0,5,0,1,1,0,2,1,1,0,6,27,2,25,1,0.2942,1400,0,1,1,2,0,0,0
1806,Molino-Umari,1,1,0,1,0,1,1,0,1,1,0,0,6,51,0,42,1,1.625,13175,1503.5,4,4,5,0,5,5
1807,Molino-Umari,8,4,1,8,0,3,5,0,2,1,0,0,5,52,0,38,1,3.5304499,27650,2511,4,3,3,7,4,13
1808,Molino-Umari,9,2,0,9,0,3,1,0,1,0,0,0,6,35,2,33,1,2.0594001,10500,2511,3,3,1,7,0,7
1811,Molino-Umari,7,5,0,7,0,2,4,0,2,1,0,0,6,32,1,28,1,1.75,12750,1674,3,3,1,10,0,10
1815,Molino-Umari,9,2,0,9,0,3,1,0,2,1,0,0,4,24,2,24,1,2.3536,0,0,4,4,0,7,0,7
1816,Molino-Umari,2,2,0,2,0,1,1,0,1,1,0,0,4,23,1,28,1,7.1767998,3750,744,3,3,1,3,0,3
1817,Molino-Umari,4,1,0,4,0,1,1,0,1,1,0,1,6,32,0,28,2,2.2941999,2250,1046.25,2,1,1,0,0,0
1818,Molino-Umari,5,2,0,5,0,1,1,0,2,1,0,0,6,31,1,30,1,0.88260001,12225,2650.5,3,3,1,4,0,4
1819,Molino-Umari,5,1,0,5,0,1,1,0,1,1,0,0,4,25,2,26,1,1,0,0,1,1,0,8,0,8
1820,Molino-Umari,6,2,0,6,0,2,1,0,2,1,0,0,5,33,0,30,1,0.88260001,0,0,2,1,0,2,0,2
1822,Molino-Umari,3,4,0,3,0,1,1,0,1,2,0,0,4,30,1,24,1,16,37500,4650,3,2,1,4,0,4
1825,Molino-Umari,1,1,0,1,0,2,1,0,1,0,1,0,5,29,2,24,1,48,1780,244.125,1,1,3,0,0,0
1827,Molino-Umari,4,2,0,4,0,1,2,0,1,1,0,1,4,31,1,24,3,1.5884,12500,2418,2,2,2,3,0,3
1828,Molino-Umari,5,3,0,5,0,2,1,0,2,2,0,0,11,67,1,26,2,5,6000,1302,2,2,1,6,0,6
1830,Molino-Umari,4,2,0,4,0,2,1,0,1,1,0,0,6,32,1,26,1,2.3536,5750,279.00003,2,2,1,1,2,3
1831,Molino-Umari,6,3,0,6,0,3,1,0,1,1,0,0,7,30,1,35,1,1.25,3750,523.125,2,2,1,2,0,2
1832,Molino-Umari,4,3,0,4,0,2,1,0,1,2,0,0,3,26,1,18,1,0.88260001,3375,651,1,1,1,0,0,0
1833,Molino-Umari,5,1,0,5,0,1,3,0,1,1,0,0,6,31,2,26,1,2,1650,248,1,1,1,10,0,10
1839,Molino-Umari,5,2,0,5,0,2,1,0,2,0,0,1,5,73,1,32,3,0.88260001,3505,31,1,1,5,6,4,12
1840,Molino-Umari,8,2,0,8,0,2,1,0,1,2,0,1,4,33,1,34,2,0.2942,5010,0,1,1,5,9,0,9
1845,Molino-Umari,1,2,0,1,0,1,1,0,2,1,0,0,5,51,1,39,1,0.88260001,9000,1860,3,3,1,6,1,9
1846,Molino-Umari,2,2,0,2,0,1,1,0,2,0,0,0,7,50,1,41,1,0.88260001,7180,620,2,2,3,6,1,7
1847,Molino-Umari,3,2,0,3,0,1,1,0,2,0,0,0,9,49,4,45,1,1.471,1950,0,4,4,2,3,4,7
1848,Molino-Umari,6,2,0,6,0,3,1,0,0,1,0,0,7,39,1,39,2,1.5884,1200,186,2,2,1,9,2,11
1849,Molino-Umari,4,2,0,4,0,1,1,0,2,2,0,0,4,24,2,19,2,2,5100,523.125,2,2,3,3,1,6
1853,Molino-Umari,2,2,0,2,0,1,1,0,1,1,0,0,4,34,1,26,2,0.88260001,17250,2092.5,2,2,1,4,0,4
1854,Molino-Umari,5,2,0,5,0,1,5,0,1,3,0,0,5,57,0,20,1,1.1768,6300,465,3,1,1,4,1,5
1855,Molino-Umari,10,3,0,10,0,3,2,0,1,0,0,0,7,41,0,30,1,1.5,1925,46.5,1,1,2,6,3,11
1856,Molino-Umari,6,2,0,6,0,3,4,0,1,0,0,0,4,49,0,39,1,2.0883999,7875,930,2,2,1,5,3,8
1858,Molino-Umari,5,3,0,5,0,1,1,0,1,1,0,0,5,65,0,20,1,0.25,790,0,1,1,3,6,2,8
1859,Molino-Umari,1,1,0,1,0,1,1,0,1,1,0,0,5,27,1,26,3,0.88260001,5400,930,3,3,2,7,0,7
1862,Molino-Umari,3,2,0,3,0,1,1,0,0,0,0,0,6,46,0,43,2,0.88260001,4180,601.40002,2,2,3,10,0,10
1863,Molino-Umari,2,2,0,2,0,2,1,0,0,1,0,0,4,44,0,43,2,0.88260001,5100,744,2,2,2,6,0,6
1867,Huánuco-Quisqui,6,1,0,6,0,2,1,1,1,1,0,0,5,34,1,34,2,2,1212.8,10.601999,1,1,4,13,0,13
1868,Huánuco-Quisqui,4,2,0,4,0,2,1,0,1,3,0,0,5,38,0,34,2,1,800,37.200001,1,1,3,13,0,13
1871,Huánuco-Quisqui,3,2,0,3,0,3,1,0,1,1,0,0,3,31,0,31,1,2,6315,930,2,2,4,0,4,4
1872,Huánuco-Quisqui,4,2,0,4,0,1,1,0,1,3,0,0,4,30,1,22,1,0.58840001,3750,465,1,1,1,2,1,3
1877,Huánuco-Quisqui,2,2,0,2,0,3,1,0,1,2,0,0,3,48,0,46,1,4,2645,217,1,1,5,7,3,10
1878,Huánuco-Quisqui,3,4,0,3,0,4,1,1,1,2,1,0,4,50,0,26,2,1.0297,280,31,3,3,2,0,1,1
1879,Huánuco-Quisqui,4,3,0,4,0,3,1,0,1,1,0,0,4,40,1,32,1,3,16100,2092.5,3,3,4,9,5,14
1881,Huánuco-Quisqui,4,2,0,4,0,3,1,0,2,1,0,0,4,70,1,35,1,1.471,90,0,2,1,1,2,3,5
1882,Huánuco-Quisqui,1,1,0,1,0,1,1,0,1,1,0,0,5,57,1,32,1,1.1768,7600,1999.5,2,2,3,7,4,11
1884,Huánuco-Quisqui,8,4,2,7,0,1,5,0,1,1,0,0,5,77,2,34,2,4,5490,3695.2,1,1,4,9,3,14
1886,Huánuco-Quisqui,3,2,0,3,0,3,1,1,2,1,0,0,3,42,0,42,1,9,0,0,2,2,0,7,1,8
1888,Huánuco-Quisqui,3,2,0,3,0,1,1,0,1,0,0,1,2,50,0,45,2,1.8826001,1620,1424.76,2,1,2,8,2,10
1889,Huánuco-Quisqui,2,2,0,2,0,1,1,0,0,3,0,0,4,63,0,49,2,0.25,950,341,1,1,3,0,0,0
1892,Huánuco-Quisqui,2,2,0,2,0,3,1,0,1,4,0,0,3,25,1,25,1,3,2520,15.5,1,1,3,3,2,5
1894,Molino-Umari,2,2,0,2,0,1,1,0,1,1,0,0,5,54,0,48,1,2.0594001,1410.4,116.25,3,3,5,5,1,6
1895,Molino-Umari,3,1,0,3,0,1,1,0,0,4,0,1,5,38,2,21,2,0.5,3425,0,1,1,5,11,2,17
1896,Molino-Umari,3,1,0,3,0,3,2,0,1,1,0,0,8,40,1,41,1,2.5,9415,962.54999,2,2,6,5,1,6
1898,Molino-Umari,2,3,0,2,0,3,1,0,2,2,0,0,12,64,1,39,1,1.1768,2290,0,1,1,3,4,4,8
1899,Molino-Umari,1,2,0,1,0,1,1,0,2,2,0,0,9,43,0,42,1,1.471,11500,1548.45,3,3,5,7,6,13
1900,Molino-Umari,2,2,0,2,0,1,1,0,1,1,0,1,3,44,0,44,3,0.58840001,1685,0,2,2,2,6,0,6
1902,Molino-Umari,2,1,0,2,0,2,1,0,1,3,1,0,4,75,0,38,2,0.88260001,1500,220.875,1,1,1,0,3,3
1904,Molino-Umari,2,2,0,2,0,1,2,0,1,2,1,0,4,34,0,29,1,0.5,5625,314.95999,2,2,3,0,1,1
1908,Molino-Umari,1,1,0,1,0,1,1,0,1,3,0,0,3,24,1,20,2,0.2942,450,58.125,1,1,1,3,4,7
1909,Molino-Umari,2,1,0,2,0,1,1,0,1,1,0,0,5,41,2,38,1,0,0,0,1,1,0,8,0,10
1914,Molino-Umari,2,1,0,2,0,1,1,0,1,3,0,1,4,45,0,42,2,0.5,850,108.5,2,2,2,10,4,14
1917,Molino-Umari,7,2,0,7,0,2,1,0,1,1,0,0,5,50,0,48,2,0.73549998,13600,1077.25,2,2,5,7,1,10
1918,Molino-Umari,2,2,0,2,0,1,6,0,1,2,0,1,2,29,0,22,2,0.88260001,6095,838.54999,3,3,3,0,0,0
1919,Molino-Umari,2,2,0,2,0,1,1,1,1,2,0,0,2,42,0,42,1,0.73549998,9600,930,1,1,2,5,2,8
1927,Molino-Umari,4,2,0,4,0,2,1,0,2,1,0,0,6,32,2,30,1,0.2942,330,0,1,1,3,5,0,5
1933,Molino-Umari,7,2,0,7,0,1,1,0,2,1,0,0,9,46,2,43,1,1,800,232.5,1,1,2,8,5,13
1938,Molino-Umari,2,1,0,2,0,1,1,0,1,2,0,0,6,39,0,40,1,0.2942,800,1550,1,1,2,0,0,0
1944,Molino-Umari,10,3,0,10,0,4,6,0,1,1,0,0,2,48,0,43,1,0.4413,2300,627.75,2,1,2,3,1,4
1949,Molino-Umari,2,3,0,2,0,3,2,0,1,0,0,0,4,48,1,48,1,0.4413,1030,0,2,2,3,11,9,20
1950,Molino-Umari,1,6,0,1,0,1,1,0,1,0,0,1,4,34,0,30,2,0.22065,3750,209.25,2,2,1,6,4,12
1951,Molino-Umari,6,2,0,6,0,3,4,0,1,1,0,0,5,39,0,40,1,4,7425,688.20001,2,2,6,10,9,21
1952,Molino-Umari,4,2,0,4,0,1,1,0,2,1,1,1,4,44,1,43,2,0.375,4000,244.12502,2,2,2,9,4,13
1953,Molino-Umari,4,7,0,4,0,3,1,0,1,1,0,0,3,26,1,23,1,0.4413,9750,1162.5,2,2,1,6,4,10
1957,Molino-Umari,3,2,0,3,0,3,6,0,1,1,0,0,8,38,2,29,1,0.4413,566.5,0,2,2,4,9,0,9
1958,Molino-Umari,10,3,0,10,0,3,6,1,1,1,0,0,5,37,0,37,1,0.58840001,11250,910.625,2,2,4,7,1,8
1960,Molino-Umari,6,2,0,6,0,3,1,0,1,1,0,0,4,42,1,38,1,0.58840001,7500,744,1,1,1,6,3,9
1961,Molino-Umari,8,2,0,8,0,1,1,0,1,1,0,0,5,43,2,43,1,0.4413,3140,279,1,1,3,7,4,11
1965,Molino-Umari,8,4,0,8,0,3,1,1,1,1,1,1,3,27,0,27,3,0,0,0,1,1,0,11,0,11
1968,Molino-Umari,2,1,0,2,0,1,1,0,1,1,0,1,2,31,0,32,2,0.125,515,0,1,1,3,0,0,0
1995,Huánuco-Quisqui,1,1,0,1,0,1,1,1,1,2,0,0,8,42,2,42,2,2,8500,3224,1,1,5,7,10,17
